,Unnamed: 0,country_name_short,country_name,election_type,election_date,vote_share,seats,seats_total,party_name_short,party_name,party_name_english,left_right,country_id,election_id,previous_parliament_election_id,previous_cabinet_id,party_id,max_date,leader,searchterm,uidname,female
0,0,AUS,Australia,parliament,2016-07-02,34.73,69.0,150,ALP,Australian Labor Party,Australian Labor Party,3.8833,33,1006,804.0,1174.0,1253,2016-07-02,Bill Shorten,,bill_shorten,0
1,1,AUS,Australia,parliament,2016-07-02,28.67,45.0,150,LPA,Liberal Party of Australia,Liberal Party of Australia,7.3903,33,1006,804.0,1174.0,1411,2016-07-02,Malcolm Turnbull,Liberal Party of Australia,malcolm_turnbull,0
2,2,AUS,Australia,parliament,2016-07-02,8.52,21.0,150,LNPQ,Liberal National Party of Queensland,Liberal National Party of Queensland,6.0,33,1006,804.0,1174.0,154,2016-07-02,Deb Frecklington,Liberal National Party of Queensland,deb_frecklington,1
3,5,AUS,Australia,parliament,2016-07-02,10.23,1.0,150,AG,Australian Greens,Australian Greens,1.5439,33,1006,804.0,1174.0,751,2016-07-02,Richard Di Natale,Australian Greens,richard_di_natale,0
4,11,AUT,Austria,parliament,2017-10-15,31.5,62.0,183,OVP,Österreichische Volkspartei,Austrian People's Party,6.4733,59,1019,802.0,1485.0,1013,2017-10-15,Sebastian Kurz,Austrian People's Party,sebastian_kurz,0
5,12,AUT,Austria,parliament,2017-10-15,26.9,52.0,183,SPO,Sozialdemokratische Partei Österreichs,Social Democratic Party of Austria,3.7293,59,1019,802.0,1485.0,973,2017-10-15,Christian Kern,Social Democratic Party of Austria,christian_kern,0
6,13,AUT,Austria,parliament,2017-10-15,26.0,51.0,183,FPO,Freiheitliche Partei Österreichs,Freedom Party of Austria,8.3494,59,1019,802.0,1485.0,50,2017-10-15,Heinz-Christian Strache,Freedom Party of Austria,heinz_christian_strache,0
7,14,AUT,Austria,parliament,2017-10-15,5.3,10.0,183,NEOS,NEOS  Das Neue Österreich,NEOS -- The New Austria,6.0,59,1019,802.0,1485.0,2255,2017-10-15,Beate Meinl-Reisinger,NEOS – The New Austria and Liberal Forum,beate_meinl_reisinger,1
8,18,BGR,Bulgaria,parliament,2017-03-26,33.54,95.0,240,GERB,Grazhdani za Evropeysko Razvitie na Balgariya,Citizens for European Development of Bulgaria,7.4,10,1011,840.0,1503.0,1541,2017-03-26,Boyko Borisov,GERB,boyko_borisov,0
9,19,BGR,Bulgaria,parliament,2017-03-26,27.93,80.0,240,KzB|DL,Koalitsiya za Balgariya | Demokratichna Levitsa,Coalition for Bulgaria | Democratic Left,2.8982,10,1011,840.0,1503.0,1160,2017-03-26,Korneliya Ninova,Coalition for Bulgaria,korneliya_ninova,1
10,20,BGR,Bulgaria,parliament,2017-03-26,9.31,27.0,240,NFSB,Natsionalen Front za Spasenie na Balgariya,National Front for the Salvation of Bulgaria,8.7,10,1011,840.0,1503.0,2211,2017-03-26,Valeri Simeonov,National Front for the Salvation of Bulgaria,valeri_simeonov,0
11,21,BGR,Bulgaria,parliament,2017-03-26,9.24,26.0,240,DPS,Dvizhenie za Prava i Svobodi,Movement for Rights and Freedoms,4.5828,10,1011,840.0,1503.0,1286,2017-03-26,Mustafa Karadayi,Movement for Rights and Freedoms,mustafa_karadayi,0
12,29,CAN,Canada,parliament,2015-10-19,39.47,184.0,338,LP,Liberal Party of Canada,Liberal Party of Canada,5.0552,29,994,703.0,919.0,368,2015-10-19,Justin Trudeau,Liberal Party of Canada,justin_trudeau,0
13,30,CAN,Canada,parliament,2015-10-19,31.89,99.0,338,CPC,Conservative Party of Canada,Conservative Party of Canada,8.6608,29,994,703.0,919.0,1255,2015-10-19,Andrew Scheer,Progressive Conservative Party of Canada,andrew_scheer,0
14,31,CAN,Canada,parliament,2015-10-19,19.71,44.0,338,CCF|NDP,Co-operative Commonwealth Federation | New Democratic Party,Co-operative Commonwealth Federation | New Democratic Party,2.46,29,994,703.0,919.0,296,2015-10-19,Jagmeet Singh,Co-operative Commonwealth Federation,jagmeet_singh,0
15,35,CHE,Switzerland,parliament,2015-10-18,29.39,65.0,200,SVP-UDC,Schweizerische Volkspartei  Union Démocratique du Centre,Swiss People's Party,7.3575,40,995,779.0,989.0,750,2015-10-18,Albert Rösti,Swiss People's Party,albert_rosti,0
16,36,CHE,Switzerland,parliament,2015-10-18,18.84,43.0,200,SP-PS,Sozialdemokratische Partei der Schweiz  Parti Socialiste Suisse,Social Democratic Party of Switzerland,1.8319,40,995,779.0,989.0,35,2015-10-18,Christian Levrat,Social Democratic Party of Switzerland,christian_levrat,0
17,37,CHE,Switzerland,parliament,2015-10-18,16.4,33.0,200,FDP-PRD,Freisinnig-Demokratische Partei der Schweiz  Parti Radical-Democratique Suisse,Radical Democratic Party,6.3249,40,995,779.0,989.0,26,2015-10-18,Petra Gössi,Free Democratic Party of Switzerland,petra_gossi,1
18,38,CHE,Switzerland,parliament,2015-10-18,11.65,27.0,200,CVP-PDC,Christlichdemokratische Volkspartei  Parti démocratechrétien,Conservative Peoples Party,4.7288,40,995,779.0,989.0,531,2015-10-18,Martin Landolt,Conservative Democratic Party of Switzerland,martin_landolt,0
19,39,CHE,Switzerland,parliament,2015-10-18,7.06,11.0,200,Grue,Grüne  Écologiste,Greens,1.6886,40,995,779.0,989.0,141,2015-10-18,Regula Rytz,Green Party of Switzerland,regula_rytz,1
20,48,CYP,Cyprus,parliament,2016-05-22,30.69,18.0,56,DISY,Dimokratikós Sinayermós,Democratic Rally,8.6842,51,1004,701.0,1086.0,1575,2016-05-22,Averof Neofytou,Democratic Rally,averof_neofytou,0
21,49,CYP,Cyprus,parliament,2016-05-22,25.67,16.0,56,AKEL,Anorthotikó Kómma Ergazómenou Laoú,Progressive Party of Working People,1.0526,51,1004,701.0,1086.0,572,2016-05-22,Andros Kyprianou,Progressive Party of Working People,andros_kyprianou,0
22,50,CYP,Cyprus,parliament,2016-05-22,14.49,9.0,56,DIKO,Dimokratikó Kómma,Democratic Party,5.1316,51,1004,701.0,1086.0,851,2016-05-22,Nikolas Papadopoulos,Democratic Party (Cyprus),nikolas_papadopoulos,0
23,51,CYP,Cyprus,parliament,2016-05-22,6.18,3.0,56,EDEK,Kinima Sosialdimokraton EDEK,Movement for Social Democracy EDEK,3.2895,51,1004,701.0,1086.0,945,2016-05-22,Marinos Sizopoulos,Movement for Social Democracy,marinos_sizopoulos,0
24,52,CYP,Cyprus,parliament,2016-05-22,6.01,3.0,56,SYM,Symmaxia,Citizen's Alliance,3.3,51,1004,701.0,1086.0,2341,2016-05-22,Giorgos Lillikas,Citizens' Alliance (Cyprus),giorgos_lillikas,0
25,53,CYP,Cyprus,parliament,2016-05-22,5.24,3.0,56,KINHMA,Kinima Allileggiis,Solidarity Movement,8.7,51,1004,701.0,1086.0,2626,2016-05-22,Eleni Theocharous,Solidarity Movement (Cyprus),eleni_theocharous,1
26,57,CZE,Czech Republic,parliament,2017-10-21,29.64,78.0,200,ANO,Akce nespokojených ob?an?,Action of Dissatisfied Citizens,6.0,68,1020,805.0,1072.0,2263,2017-10-21,Andrej Babiš,ANO 2011,andrej_babis,0
27,58,CZE,Czech Republic,parliament,2017-10-21,11.32,25.0,200,ODS,Ob?anská demokratická strana,Civic Democratic Party,7.3637,68,1020,805.0,1072.0,829,2017-10-21,Petr Fiala,Civic Democratic Party (Czech Republic),petr_fiala,0
28,59,CZE,Czech Republic,parliament,2017-10-21,10.79,22.0,200,Pi,Ceska piratska strana,Czech Pirate Party,,68,1020,805.0,1072.0,2261,2017-10-21,Ivan Bartoš,Czech Pirate Party,ivan_bartos,0
29,60,CZE,Czech Republic,parliament,2017-10-21,10.64,22.0,200,SPD,Svoboda a p?ímá demokracie Tomio Okamura,Freedom and Direct Democracy Tomio Okamura,8.7,68,1020,805.0,1072.0,2654,2017-10-21,Tomio Okamura,Freedom and Direct Democracy,tomio_okamura,0
30,61,CZE,Czech Republic,parliament,2017-10-21,7.27,15.0,200,CSSD,?eská strana sociáln? demokratická,Czech Social Democratic Party,3.0463,68,1020,805.0,1072.0,789,2017-10-21,Petr Fiala,Civic Democratic Party (Czech Republic),petr_fiala,0
31,62,CZE,Czech Republic,parliament,2017-10-21,7.76,15.0,200,KSCM,Komunistická strana Cech a Moravy,Communist Party of Bohemia and Moravia,0.7498,68,1020,805.0,1072.0,1173,2017-10-21,Vojtěch Filip,Communist Party of Bohemia and Moravia,vojtech_filip,0
32,63,CZE,Czech Republic,parliament,2017-10-21,5.8,10.0,200,KDU-CSL,K?es?anská a demokratická unie  ?eskoslovenská strana lidová,Christian Democratic Union -- People's Party,5.8099,68,1020,805.0,1072.0,1245,2017-10-21,Pavel Bělobrádek,Christian and Democratic Union – Czechoslovak People's Party,pavel_belobradek,0
33,64,CZE,Czech Republic,parliament,2017-10-21,5.31,7.0,200,TOP09,Tradice Odpov?dnost Prosperita 09,Tradition Responsibility Prosperity 09,7.4,68,1020,805.0,1072.0,2,2017-10-21,Jiří Pospíšil,TOP 09,jiri_pospisil,0
34,65,CZE,Czech Republic,parliament,2017-10-21,5.18,6.0,200,STAN,Starostové a nezávislí,Mayors and Independents,,68,1020,805.0,1072.0,2024,2017-10-21,Petr Gazdík,Mayors and Independents,petr_gazdik,0
35,68,DEU,Germany,parliament,2017-09-24,26.8,200.0,709,CDU,Christlich Demokratische Union,Christian Democratic Union,6.2503,54,1016,800.0,1071.0,808,2017-09-24,Angela Merkel,Christian Democratic Union of Germany,angela_merkel,1
36,69,DEU,Germany,parliament,2017-09-24,20.5,153.0,709,SPD,Sozialdemokratische Partei Deutschlands,Social Democratic Party of Germany,3.6451,54,1016,800.0,1071.0,558,2017-09-24,Andrea Nahles,Social Democratic Party of Germany,andrea_nahles,1
37,70,DEU,Germany,parliament,2017-09-24,12.6,94.0,709,AfD,Alternative für Deutschland,Alternative for Germany,8.7,54,1016,800.0,1071.0,2253,2017-09-24,Jörg Meuthen,Alternative for Germany,jorg_meuthen,0
38,71,DEU,Germany,parliament,2017-09-24,10.7,80.0,709,FDP,Freie Demokratische Partei,Free Democratic Party,5.9233,54,1016,800.0,1071.0,543,2017-09-24,Christian Lindner,Free Democratic Party (Germany),christian_lindner,0
39,72,DEU,Germany,parliament,2017-09-24,9.2,69.0,709,Li/PDS,Die Linke / PDS,The Left / PDS,1.2152,54,1016,800.0,1071.0,791,2017-09-24,Katja Kipping,The Left (Germany),katja_kipping,1
40,73,DEU,Germany,parliament,2017-09-24,8.9,67.0,709,B90/Gru,Bündnis 90 / Die Grünen,Alliance 90 / Greens,2.9308,54,1016,800.0,1071.0,772,2017-09-24,Annalena Baerbock,Alliance 90/The Greens,annalena_baerbock,1
41,74,DEU,Germany,parliament,2017-09-24,6.2,46.0,709,CSU,Christlich Soziale Union,Christian Social Union,7.2871,54,1016,800.0,1071.0,1180,2017-09-24,Horst Seehofer,Christian Social Union in Bavaria,horst_seehofer,0
42,77,DNK,Denmark,parliament,2015-06-18,25.66,47.0,179,Sd,Socialdemokraterne,Social Democrats,3.8011,21,976,722.0,1074.0,1629,2015-06-18,Mette Frederiksen,Social Democrats (Denmark),mette_frederiksen,1
43,78,DNK,Denmark,parliament,2015-06-18,20.58,37.0,179,DF,Dansk Folkeparti,Danish Peoples Party,8.2269,21,976,722.0,1074.0,1418,2015-06-18,Kristian Thulesen Dahl,Danish People's Party,kristian_thulesen_dahl,0
44,79,DNK,Denmark,parliament,2015-06-18,19.01,34.0,179,V,Venstre,Liberal Party,7.2920000000000025,21,976,722.0,1074.0,1605,2015-06-18,Lars Løkke Rasmussen,Danish Social Liberal Party,lars_lkke_rasmussen,0
45,80,DNK,Denmark,parliament,2015-06-18,7.62,14.0,179,En-O,Enhedslisten  De Rød-Grønne,Red-Green Alliance,0.8912,21,976,722.0,1074.0,306,2015-06-18,Pernille Skipper,Red–Green Alliance (Denmark),pernille_skipper,1
46,81,DNK,Denmark,parliament,2015-06-18,7.36,13.0,179,NLA,Ny-Liberal Alliance,New-Liberal Alliance,6.0,21,976,722.0,1074.0,376,2015-06-18,Anders Samuelsen,Liberal Alliance (Denmark),anders_samuelsen,0
47,91,ESP,Spain,parliament,2016-06-26,33.03,137.0,350,AP-P,Alianza-Partido Popular,People's Alliance-Party,7.5969,27,1005,998.0,1421.0,645,2016-06-26,Mariano Rajoy,People's Party (Spain),mariano_rajoy,0
48,92,ESP,Spain,parliament,2016-06-26,22.66,85.0,350,PSOE,Partido Socialista Obrero Español,Spanish Socialist Workers Party,3.7377,27,1005,998.0,1421.0,902,2016-06-26,Cristina Narbona,Spanish Socialist Workers' Party,cristina_narbona,1
49,93,ESP,Spain,parliament,2016-06-26,13.37,45.0,350,P,Podemos,We Can,1.2,27,1005,998.0,1421.0,2376,2016-06-26,Pablo Iglesias,Podemos (Spanish political party),pablo_iglesias,0
50,94,ESP,Spain,parliament,2016-06-26,13.05,32.0,350,C-PC,Ciudadanos  Partido de la Ciudadanía,Citizens -- Party of the Citizenry,6.0,27,1005,998.0,1421.0,2375,2016-06-26,Albert Rivera,Citizens (Spanish political party),albert_rivera,0
51,104,EST,Estonia,parliament,2015-03-01,27.69,30.0,101,ERe,Eesti Reformierakond,Estonian Reform Party,7.8969,75,853,699.0,1095.0,113,2015-03-01,Kaja Kallas,Estonian Reform Party,kaja_kallas,1
52,105,EST,Estonia,parliament,2015-03-01,24.81,27.0,101,EK,Eesti Keskerakond,Estonian Centre Party,3.9562,75,853,699.0,1095.0,1137,2015-03-01,Jüri Ratas,Estonian Centre Party,juri_ratas,0
53,106,EST,Estonia,parliament,2015-03-01,15.19,15.0,101,SDE|M,Sotsiaaldemokraatlik Erakond | Mõõdukad,Social Democratic Party | Moderates,4.1915,75,853,699.0,1095.0,1448,2015-03-01,Jevgeni Ossinovski,Social Democratic Party (Estonia),jevgeni_ossinovski,0
54,107,EST,Estonia,parliament,2015-03-01,13.71,14.0,101,IRL,Erakond Isamaa ja Res Publica Liit,Union of Pro Patria and Res Publica,8.4962,75,853,699.0,1095.0,1597,2015-03-01,Helir-Valdor Seeder,Pro Patria (Estonian political party),helir_valdor_seeder,0
55,108,EST,Estonia,parliament,2015-03-01,8.69,8.0,101,EV,Eesti Vabaerakond,Free Party,7.4,75,853,699.0,1095.0,2409,2015-03-01,Andres Herkel,Estonian Free Party,andres_herkel,0
56,109,EST,Estonia,parliament,2015-03-01,8.15,7.0,101,ERa,Eestimaa Rahvalliit,People's Union of Estonia,4.5812,75,853,699.0,1095.0,417,2015-03-01,Mart Helme,Estonia,mart_helme,0
57,111,FIN,Finland,parliament,2015-04-19,21.1,49.0,200,KESK,Keskusta,Centre Party,5.8027,67,855,700.0,1145.0,94,2015-04-19,Juha Sipilä,Centre Party (Finland),juha_sipila,0
58,112,FIN,Finland,parliament,2015-04-19,17.65,38.0,200,SP|P,Suomen Puolue | Perussuomalaiset,Finnish Party | True Finns,6.6331,67,855,700.0,1145.0,200,2015-04-19,Jussi Halla-aho,Finns Party,jussi_halla_aho,0
59,113,FIN,Finland,parliament,2015-04-19,18.2,37.0,200,KOK,Kansallinen Kokoomus  Samlingspartiet,National Coalition Party,7.2451,67,855,700.0,1145.0,1118,2015-04-19,Petteri Orpo,National Coalition Party,petteri_orpo,0
60,114,FIN,Finland,parliament,2015-04-19,16.51,34.0,200,SSDP,Suomen Sosialidemokraattinen Puolue  Finlands Socialdemokratiska Parti,Social Democratic Party of Finland,3.5595,67,855,700.0,1145.0,395,2015-04-19,Antti Rinne,Social Democratic Party of Finland,antti_rinne,0
61,115,FIN,Finland,parliament,2015-04-19,8.53,15.0,200,VIHR,Vihreä Liitto  Gröna Förbundet,Green League,3.6465,67,855,700.0,1145.0,1062,2015-04-19,Touko Aalto,Green League,touko_aalto,0
62,116,FIN,Finland,parliament,2015-04-19,7.13,12.0,200,DL|VAS,Demokraattinen Liitto  Demokratiska Förbundet | Vasemmistoliitto  Vänsterförbundet ,Democratic Union | Left Alliance,2.1843,67,855,700.0,1145.0,1292,2015-04-19,Li Andersson,Left Alliance (Finland),li_andersson,1
63,121,FRA,France,parliament,2017-06-18,28.21,308.0,577,REM,La République En Marche!,The Republic Onwards!,6.0,43,1014,782.0,1508.0,2643,2017-06-18,Emmanuel Macron,Roman Republic,emmanuel_macron,0
64,122,FRA,France,parliament,2017-06-18,15.77,112.0,577,UMP|LR,Union pour un mouvement populaire | Les Républicains,Union for a Popular Movement | The Republicans,7.4997,43,1014,782.0,1508.0,658,2017-06-18,Laurent Wauquiez,Union for a Popular Movement,laurent_wauquiez,0
65,124,FRA,France,parliament,2017-06-18,7.44,30.0,577,PS,Parti socialiste,Socialist Party,3.2493,43,1014,782.0,1508.0,1539,2017-06-18,Olivier Faure,Socialist Party (France),olivier_faure,0
66,126,FRA,France,parliament,2017-06-18,11.03,17.0,577,FI,La France Insoumise,Unbowed France,1.2,43,1014,782.0,1508.0,2644,2017-06-18,Jean-Luc Mélenchon,La France Insoumise,jean_luc_melenchon,0
67,129,FRA,France,parliament,2017-06-18,13.2,8.0,577,FN,Front national,National Front,9.6854,43,1014,782.0,1508.0,270,2017-06-18,Marine Le Pen,National Rally (France),marine_le_pen,1
68,138,GBR,United Kingdom,parliament,2017-06-08,42.45,318.0,650,Con,Conservatives,Conservatives,7.4261,44,1013,856.0,1489.0,773,2017-06-08,Theresa May,Conservative Party (UK),theresa_may,1
69,139,GBR,United Kingdom,parliament,2017-06-08,40.0,262.0,650,Lab,Labour Party,Labour,4.3562,44,1013,856.0,1489.0,1556,2017-06-08,Jeremy Corbyn,United Kingdom labour law,jeremy_corbyn,0
70,141,GBR,United Kingdom,parliament,2017-06-08,7.4,12.0,650,Lib,Liberals,Liberals,4.2875,44,1013,856.0,1489.0,659,2017-06-08,Sir Vince Cable,Young Liberals (United Kingdom),sir_vince_cable,0
71,148,GRC,Greece,parliament,2015-09-20,35.46,145.0,300,SYRIZA,Synaspismós Rizospastikís Aristerás,Coalition of the Radical Left,2.8947,41,992,851.0,1157.0,1592,2015-09-20,Alexis Tsipras,Syriza,alexis_tsipras,0
72,149,GRC,Greece,parliament,2015-09-20,28.1,75.0,300,ND,Néa ?imokratía,New Democracy,6.7365,41,992,851.0,1157.0,47,2015-09-20,Kyriakos Mitsotakis,New Democracy (Greece),kyriakos_mitsotakis,0
73,150,GRC,Greece,parliament,2015-09-20,6.99,18.0,300,LS-CA,Laikos Syndesmos  Chrysi Avg,Peoples Association -- Golden Dawn,8.7,41,992,851.0,1157.0,2092,2015-09-20,Nikolaos Michaloliakos,Golden Dawn (political party),nikolaos_michaloliakos,0
74,151,GRC,Greece,parliament,2015-09-20,6.28,17.0,300,PASOK,Panellinio Sosialistikó Kínima,Panhellenic Socialist Movement,4.4968,41,992,851.0,1157.0,1338,2015-09-20,Fofi Gennimata,PASOK,fofi_gennimata,1
75,152,GRC,Greece,parliament,2015-09-20,5.55,15.0,300,KKE,Kommounistikó Kómma Elládas,Communist Party of Greece,1.253,41,992,851.0,1157.0,614,2015-09-20,Dimitris Koutsoumpas,Communist Party of Greece,dimitris_koutsoumpas,0
76,157,HRV,Croatia,parliament,2016-09-11,35.17,61.0,151,HDZ,Hrvatska demokratska zajednica,Croatian Democratic Union,7.1053,62,1007,1001.0,1408.0,276,2016-09-11,Andrej Plenković,Croatian Democratic Union,andrej_plenkovic,0
77,158,HRV,Croatia,parliament,2016-09-11,32.18,54.0,151,SPH,Socijaldemokratska partija Hrvatske,Social Democratic Party of Croatia,3.2456,62,1007,1001.0,1408.0,1493,2016-09-11,Davor Bernardić,Social Democratic Party of Croatia,davor_bernardic,0
78,159,HRV,Croatia,parliament,2016-09-11,9.43,13.0,151,Most,Most nezavisnih lista,Bridge of Independent Lists,7.4,62,1007,1001.0,1408.0,2615,2016-09-11,Božo Petrov,Bridge of Independent Lists,bozo_petrov,0
79,160,HRV,Croatia,parliament,2016-09-11,5.92,8.0,151,ZiZi,ivi zid,Human Shield ,8.7,62,1007,1001.0,1408.0,2612,2016-09-11,Ivan Vilibor Sinčić,Human Shield (political party),ivan_vilibor_sincic,0
80,167,HUN,Hungary,parliament,2018-04-08,19.06,26.0,199,Jobbik,Jobbik Magyarországért Mozgalom,Jobbik Movement for a Better Hungary,8.7,39,1023,814.0,1104.0,600,2018-04-08,Tamás Sneider,Jobbik,tamas_sneider,0
81,168,HUN,Hungary,parliament,2018-04-08,11.91,20.0,199,MSZP,Magyar Szocialista Párt,Hungarian Socialist Party,2.8743,39,1023,814.0,1104.0,1591,2018-04-08,Bertalan Tóth,Hungarian Socialist Party,bertalan_toth,0
82,170,HUN,Hungary,parliament,2018-04-08,7.06,9.0,199,LMP,Lehet Más a Politika,Politics Can Be Different,2.5,39,1023,814.0,1104.0,403,2018-04-08,Ákos Hadházy,Politics Can Be Different,akos_hadhazy,0
83,171,HUN,Hungary,parliament,2018-04-08,5.37,8.0,199,DK,Demokratikus Koalíció,Democratic Coalition,3.3,39,1023,814.0,1104.0,1970,2018-04-08,Ferenc Gyurcsány,Democratic Coalition (Hungary),ferenc_gyurcsany,0
84,177,HUN,Hungary,parliament,2018-04-08,49.28,,199,Fi+KDNP,Fidesz  Magyar Polgári Szövetség / Kereszténydemokrata Néppárt,Fidesz -- Hungarian Civic Party / Christian Democratic People's Party,6.5432,39,1023,814.0,1104.0,437,2018-04-08,Viktor Orbán,Fidesz,viktor_orban,0
85,178,IRL,Ireland,parliament,2016-02-26,25.52,49.0,157,FG,Fine Gael,Fine Gael (Familiy of the Irish),6.4372,37,1002,698.0,904.0,1393,2016-02-26,Leo Varadkar,,leo_varadkar,0
86,179,IRL,Ireland,parliament,2016-02-26,24.35,44.0,157,FF,Fianna Fáil,Fianna Fail,6.0713,37,1002,698.0,904.0,280,2016-02-26,Micheál Martin,Fianna Fáil,micheal_martin,0
87,180,IRL,Ireland,parliament,2016-02-26,13.85,23.0,157,SF,Sinn Féin,Sinn Fein,2.7935,37,1002,698.0,904.0,2217,2016-02-26,Mary Lou McDonald,Sinn Féin,mary_lou_mcdonald,1
88,182,IRL,Ireland,parliament,2016-02-26,6.61,7.0,157,Lab,Labour Party,Labour Party,3.6252,37,1002,698.0,904.0,318,2016-02-26,Brendan Howlin,Labour Party (Ireland),brendan_howlin,0
89,190,ISL,Iceland,parliament,2017-01-01,25.2,16.0,63,Sj,Sjálfstæðisflokkurinn,Independence Party,7.4854,56,1021,1008.0,1482.0,1342,2017-01-01,Bjarni Benediktsson,Independence Party (Iceland),bjarni_benediktsson,0
90,191,ISL,Iceland,parliament,2017-01-01,16.9,11.0,63,Graen,Vinstrihreyfingin  grænt framboð,Left-Green Movement,1.1842,56,1021,1008.0,1482.0,210,2017-01-01,Katrín Jakobsdóttir,Left-Green Movement,katrin_jakobsdottir,1
91,192,ISL,Iceland,parliament,2017-01-01,10.7,8.0,63,F,Framsóknarflokkurinn,Progressive Party,5.0365,56,1021,1008.0,1482.0,1455,2017-01-01,Sigurður Ingi Jóhannsson,Progressive Party (Iceland),sigurur_ingi_johannsson,0
92,193,ISL,Iceland,parliament,2017-01-01,10.9,7.0,63,M,Miðflokkurinn,Centre Party,,56,1021,1008.0,1482.0,2655,2017-01-01,Sigmundur Davíð Gunnlaugsson,Centre Party (Iceland),sigmundur_davi_gunnlaugsson,0
93,194,ISL,Iceland,parliament,2017-01-01,12.1,7.0,63,Sam,Samfylkingin,Social Democratic Alliance,4.0789,56,1021,1008.0,1482.0,1006,2017-01-01,Logi Már Einarsson,Social Democratic Alliance,logi_mar_einarsson,0
94,195,ISL,Iceland,parliament,2017-01-01,9.2,6.0,63,Pi,Pírata,Pirate Party,2.5,56,1021,1008.0,1482.0,2205,2017-01-01,Halldóra Mogensen,Pirate Party (Iceland),halldora_mogensen,1
95,196,ISL,Iceland,parliament,2017-01-01,6.7,4.0,63,V,Viðreisn,Revival,7.4,56,1021,1008.0,1482.0,2633,2017-01-01,Þorgerður Katrín Gunnarsdóttir,Iceland,orgerur_katrin_gunnarsdottir,1
96,197,ISL,Iceland,parliament,2017-01-01,6.9,4.0,63,FlF,Flokkur fólksins,People's Party,1.2,56,1021,1008.0,1482.0,2632,2017-01-01,Inga Sæland,"People's Party (Iceland, 2016)",inga_sland,1
97,199,ISR,Israel,parliament,2015-03-17,23.4,30.0,120,L,Likud,The Consolidation,6.6788,34,852,815.0,1155.0,678,2015-03-17,Benjamin Netanyahu,Likud,benjamin_netanyahu,0
98,200,ISR,Israel,parliament,2015-03-17,18.67,24.0,120,HM|HA,HaMa'arakh | HaAvoda,Alignment | Labor,3.3,34,852,815.0,1155.0,244,2015-03-17,Avi Gabbay,Alignment (Israel),avi_gabbay,0
99,201,ISR,Israel,parliament,2015-03-17,10.61,13.0,120,Raam,al-Q?'ima al-'Arabiyya al-Muwa??ada,United Arab List,,34,852,815.0,1155.0,1846,2015-03-17,Masud Ghnaim,Arab citizens of Israel,masud_ghnaim,0
100,202,ISR,Israel,parliament,2015-03-17,8.82,11.0,120,YA,Yesh Atid,There is a Future,6.0,34,852,815.0,1155.0,2321,2015-03-17,Yair Lapid,Yesh Atid,yair_lapid,0
101,203,ISR,Israel,parliament,2015-03-17,7.49,10.0,120,Kulanu,Kulanu,All of Us,6.0,34,852,815.0,1155.0,2410,2015-03-17,Moshe Kahlon,Israel–United States relations,moshe_kahlon,0
102,204,ISR,Israel,parliament,2015-03-17,6.74,8.0,120,Mafdal,Miflaga Datit Leumit,National Religious Party,8.6207,34,852,815.0,1155.0,214,2015-03-17,Naftali Bennett,National Religious Party,naftali_bennett,0
103,205,ISR,Israel,parliament,2015-03-17,5.74,7.0,120,Shas,Shomrei Sfarad,Sfarad's guards of the Torah,7.0417,34,852,815.0,1155.0,788,2015-03-17,Aryeh Deri,History of the Jews in Thessaloniki,aryeh_deri,0
104,206,ISR,Israel,parliament,2015-03-17,5.1,6.0,120,YB,Yisrael Beiteinu,Israel is Our Home,8.7,34,852,815.0,1155.0,1816,2015-03-17,Avigdor Lieberman,Israel,avigdor_lieberman,0
105,211,ITA,Italy,parliament,2018-03-04,32.68,222.0,630,M5S,Movimento 5 Stelle,Five Star Movement,2.5,26,1024,789.0,1501.0,2155,2018-03-04,Luigi Di Maio,Five Star Movement,luigi_di_maio,0
106,212,ITA,Italy,parliament,2018-03-04,17.35,125.0,630,LN,Lega Nord,North League,7.8007,26,1024,789.0,1501.0,1436,2018-03-04,Matteo Salvini,Italian football league system,matteo_salvini,0
107,213,ITA,Italy,parliament,2018-03-04,18.76,111.0,630,PD,Partito Democratico,Democratic Party,2.6216,26,1024,789.0,1501.0,382,2018-03-04,Matteo Orfini,Democratic Party (Italy),matteo_orfini,0
108,214,ITA,Italy,parliament,2018-03-04,14.0,105.0,630,FI-PdL,Forza Italia  Il Popolo della Libertà,Go Italy -- The People of Freedom,7.1459,26,1024,789.0,1501.0,596,2018-03-04,Silvio Berlusconi,Kingdom of Italy,silvio_berlusconi,0
109,223,JPN,Japan,parliament,2017-10-22,33.28,281.0,465,LDP,Jiy? Minshut?,Liberal Democratic Party,8.0252,5,1022,850.0,1156.0,1193,2017-10-22,Shinzō Abe,Liberal Democratic Party (Japan),shinzo_abe,0
110,224,JPN,Japan,parliament,2017-10-22,19.88,54.0,465,KDP,Rikken Minshut?,Constitutional Democratic Party of Japan,3.3,5,1022,850.0,1156.0,2657,2017-10-22,Yukio Edano,Constitutional Democratic Party of Japan,yukio_edano,0
111,225,JPN,Japan,parliament,2017-10-22,17.36,50.0,465,PH,Kib? no T?,Party of Hope,7.4,5,1022,850.0,1156.0,2656,2017-10-22,Shigefumi Matsuzawa,Kibō no Tō,shigefumi_matsuzawa,0
112,226,JPN,Japan,parliament,2017-10-22,12.51,29.0,465,K,K?meit?,Komeito Party,5.6871,5,1022,850.0,1156.0,837,2017-10-22,Natsuo Yamaguchi,Komeito,natsuo_yamaguchi,0
113,228,JPN,Japan,parliament,2017-10-22,7.9,12.0,465,JCP,Nihon Ky?san-t?,Japan Communist Party,1.148,5,1022,850.0,1156.0,1540,2017-10-22,Kazuo Shii,Japanese Communist Party,kazuo_shii,0
114,229,JPN,Japan,parliament,2017-10-22,6.07,11.0,465,JReP,Nippon Ishin no Kai,Japan Restoration Party,7.4,5,1022,850.0,1156.0,2136,2017-10-22,Tōru Hashimoto,Japan Restoration Party,toru_hashimoto,0
115,232,LTU,Lithuania,parliament,2016-10-09,22.45,54.0,141,LVLS,Lietuvos valstie?i? s?junga,Lithuanian Peasant Union,3.2687,15,1009,786.0,1042.0,191,2016-10-09,Ramūnas Karbauskis,Lithuania,ramunas_karbauskis,0
116,233,LTU,Lithuania,parliament,2016-10-09,22.63,31.0,141,TS-LK,T?vyn?s S?junga,Homeland Union,7.4004,15,1009,786.0,1042.0,1045,2016-10-09,Gabrielius Landsbergis,Homeland Union,gabrielius_landsbergis,0
117,234,LTU,Lithuania,parliament,2016-10-09,15.04,17.0,141,LSDP,Lietuvos socialdemokrat? partija,Lithuanian Social Democratic Party,3.1972,15,1009,786.0,1042.0,1277,2016-10-09,Gintautas Paluckas,Social Democratic Party of Lithuania,gintautas_paluckas,0
118,235,LTU,Lithuania,parliament,2016-10-09,9.45,14.0,141,LRLS,Lietuvos Respublikos Liberal? s?j?dis,Liberals Movement of the Republic of Lithuania,7.7562,15,1009,786.0,1042.0,482,2016-10-09,Eugenijus Gentvilas,Liberal Movement (Lithuania),eugenijus_gentvilas,0
119,236,LTU,Lithuania,parliament,2016-10-09,5.72,8.0,141,LLRA,Lietuvos lenk? rinkim? akcija,Election Action of Lithuania's Poles,3.865,15,1009,786.0,1042.0,28,2016-10-09,Valdemar Tomaševski,Poles in Lithuania,valdemar_tomasevski,0
120,237,LTU,Lithuania,parliament,2016-10-09,5.55,8.0,141,TT-LDP,Tvarka ir teisingumas  Liberal? Demokrat? Partija,Order and Justice -- Liberal Democratic Party,5.2955,15,1009,786.0,1042.0,1421,2016-10-09,Remigijus Žemaitaitis,Order and Justice,remigijus_zemaitaitis,0
121,240,LTU,Lithuania,parliament,2016-10-09,6.32,1.0,141,LCP,Lietuvos Centro Partija,Lithuanian Centre Party,8.7,15,1009,786.0,1042.0,2635,2016-10-09,Naglis Puteikis,Lithuanian Centre Party,naglis_puteikis,0
122,245,LUX,Luxembourg,ep,2014-05-25,37.65,3.0,6,CSV,Chrëschtlech Sozial Vollekspartei  Parti populaire chrétien social  Christlich Soziale Volkspartei,Christian Social People's Party,6.4474,7,835,803.0,1069.0,1234,2014-05-25,Marc Spautz,Christian Social People's Party,marc_spautz,0
123,246,LUX,Luxembourg,ep,2014-05-25,14.77,1.0,6,DP,Demokratesch Partei  Parti Démocratique  Demokratische Partei,Democratic Party,6.5789,7,835,803.0,1069.0,967,2014-05-25,Corinne Cahen,Democratic Party (Luxembourg),corinne_cahen,1
124,247,LUX,Luxembourg,ep,2014-05-25,11.75,1.0,6,LSAP,Lëtzebuerger Sozialistesch Arbechterpartei  Parti Ouvrier Socialiste Luxembourgeois  Luxemburger Sozialistische Arbeiterpartei,Luxembourg Socialist Workers' Party,3.2895,7,835,803.0,1069.0,701,2014-05-25,Claude Haagen,Luxembourg Socialist Workers' Party,claude_haagen,0
125,248,LUX,Luxembourg,ep,2014-05-25,15.01,1.0,6,Greng,Déi Gréng  Les Verts  Die Grünen,The Greens,2.5,7,835,803.0,1069.0,310,2014-05-25,Françoise Folmer,The Greens (Luxembourg),francoise_folmer,1
126,249,LUX,Luxembourg,ep,2014-05-25,7.53,0.0,6,AR|ADR,Aktionskomitee Rente  Comité daction pensions | Alternativ Demokratesch Reformpartei  Parti réformiste d'alternative démocratique,Action Committee Pensions | Alternative Democratic Reform Party,8.8158,7,835,803.0,1069.0,1582,2014-05-25,Jean Schoos,Alternative Democratic Reform Party,jean_schoos,0
127,251,LUX,Luxembourg,ep,2014-05-25,5.76,0.0,6,DL,Déi Lénk  La Gauche  Die Linke,The Left,0.5263,7,835,803.0,1069.0,457,2014-05-25,André Hoffmann,The Left (Luxembourg),andre_hoffmann,0
128,254,LVA,Latvia,parliament,2014-10-04,23.0,24.0,100,S,Saska?as,Harmony,3.0,55,831,765.0,1073.0,1100,2014-10-04,Nils Ušakovs,"Social Democratic Party ""Harmony""",nils_usakovs,0
129,255,LVA,Latvia,parliament,2014-10-04,21.87,23.0,100,V,Vienot?ba,Unity,7.4,55,831,765.0,1073.0,1666,2014-10-04,Arvils Ašeradens,Unity (Latvian political party),arvils_aseradens,0
130,256,LVA,Latvia,parliament,2014-10-04,19.53,21.0,100,ZZS,Za?o un Zemnieku savien?ba,Green and Farmers' Union,5.2632,55,831,765.0,1073.0,466,2014-10-04,Armands Krauze,Union of Greens and Farmers,armands_krauze,0
131,257,LVA,Latvia,parliament,2014-10-04,16.61,17.0,100,NA/TB/LNNK,Nacion?l? apvien?ba / T?vzemei un Br?v?bai / LNNK,National Alliance / For Fatherland and Freedom / LNNK,8.2588,55,831,765.0,1073.0,521,2014-10-04,Roberts Zīle,For Fatherland and Freedom/LNNK,roberts_zile,0
132,258,LVA,Latvia,parliament,2014-10-04,6.66,8.0,100,LRa,Latvijas Re?ionu apvien?ba,Latvian Association of Regions,7.4,55,831,765.0,1073.0,2366,2014-10-04,Nellija Kleinberga,Latvian Association of Regions,nellija_kleinberga,1
133,259,LVA,Latvia,parliament,2014-10-04,6.85,7.0,100,NsL,No sirds Latvijai,For Latvia from the Heart,7.4,55,831,765.0,1073.0,2365,2014-10-04,Inguna Sudraba,For Latvia from the Heart,inguna_sudraba,1
134,262,MLT,Malta,parliament,2017-06-03,55.04,37.0,67,PL,Partit Laburista,Malta Labour Party,4.2105,72,1010,790.0,1046.0,1003,2017-06-03,Joseph Muscat,Labour Party (Malta),joseph_muscat,0
135,263,MLT,Malta,parliament,2017-06-03,43.68,30.0,67,PN,Partit Nazzjonalista,Nationalist Party,5.7143,72,1010,790.0,1046.0,984,2017-06-03,Adrian Delia,Nationalist Party (Malta),adrian_delia,0
136,265,NLD,Netherlands,parliament,2017-03-15,21.3,33.0,150,VVD,Volkspartij voor Vrijheid en Democratie,People's Party for Freedom and Democracy,7.3482,8,1012,785.0,1041.0,1409,2017-03-15,Mark Rutte,People's Party for Freedom and Democracy,mark_rutte,0
137,266,NLD,Netherlands,parliament,2017-03-15,13.1,20.0,150,PVV,Partij voor de Vrijheid,Party for Freedom,8.8,8,1012,785.0,1041.0,1501,2017-03-15,Geert Wilders,Party for Freedom,geert_wilders,0
138,267,NLD,Netherlands,parliament,2017-03-15,12.4,19.0,150,CDA,Christen Democratisch Appèl,Christian Democratic Appeal,5.9376,8,1012,785.0,1041.0,235,2017-03-15,Sybrand van Haersma Buma,Christian Democratic Appeal,sybrand_van_haersma_buma,0
139,268,NLD,Netherlands,parliament,2017-03-15,12.2,19.0,150,D66,Democraten 66,Democrats 66,4.5066,8,1012,785.0,1041.0,345,2017-03-15,Alexander Pechtold,Democrats 66,alexander_pechtold,0
140,269,NLD,Netherlands,parliament,2017-03-15,9.1,14.0,150,GL,GroenLinks,GreenLeft,2.0454,8,1012,785.0,1041.0,756,2017-03-15,Jesse Klaver,"Members of the House of Representatives of the Netherlands for GreenLeft, 1989–present",jesse_klaver,0
141,270,NLD,Netherlands,parliament,2017-03-15,9.1,14.0,150,SP,Socialistiese Partij,Socialist Party,1.2146,8,1012,785.0,1041.0,357,2017-03-15,Lilian Marijnissen,Socialist Party (Netherlands),lilian_marijnissen,1
142,271,NLD,Netherlands,parliament,2017-03-15,5.7,9.0,150,PvdA,Partij van de Arbeid,Labour Party,3.6118,8,1012,785.0,1041.0,742,2017-03-15,Lodewijk Asscher,Labour Party (Netherlands),lodewijk_asscher,0
143,279,NOR,Norway,parliament,2017-09-11,27.4,49.0,169,DNA,Det norske Arbeiderparti,Norwegian Labour Party,3.3706,9,1017,801.0,1065.0,104,2017-09-11,Jonas Gahr Støre,Labour Party (Norway),jonas_gahr_stre,0
144,280,NOR,Norway,parliament,2017-09-11,25.0,45.0,169,H,Høyre,Conservative Party,7.8994,9,1017,801.0,1065.0,1435,2017-09-11,Erna Solberg,Conservative Party (Norway),erna_solberg,1
145,281,NOR,Norway,parliament,2017-09-11,15.2,27.0,169,Fr,Fremskrittspartiet,Progress Party,8.7595,9,1017,801.0,1065.0,351,2017-09-11,Siv Jensen,Progress Party (Norway),siv_jensen,1
146,282,NOR,Norway,parliament,2017-09-11,10.3,19.0,169,Sp,Senterpartiet,Centre Party,4.6565,9,1017,801.0,1065.0,702,2017-09-11,Trygve Slagsvold Vedum,Centre Party (Norway),trygve_slagsvold_vedum,0
147,283,NOR,Norway,parliament,2017-09-11,6.0,11.0,169,SV,Sosialistisk Venstreparti,Socialist Left Party,1.5839,9,1017,801.0,1065.0,81,2017-09-11,Audun Lysbakken,Socialist Left Party (Norway),audun_lysbakken,0
148,289,NZL,New Zealand,parliament,2017-09-23,44.4,56.0,120,NP,National Party,National Party,6.7193,11,1018,829.0,1499.0,997,2017-09-23,Simon Bridges,New Zealand National Party,simon_bridges,0
149,290,NZL,New Zealand,parliament,2017-09-23,36.9,46.0,120,LP,Labour Party,Labour Party,4.4830000000000005,11,1018,829.0,1499.0,878,2017-09-23,Jacinda Ardern,New Zealand Labour Party,jacinda_ardern,1
150,291,NZL,New Zealand,parliament,2017-09-23,7.2,9.0,120,NZFP,New Zealand First Party,New Zealand First Party,6.0388,11,1018,829.0,1499.0,891,2017-09-23,Winston Peters,New Zealand First,winston_peters,0
151,292,NZL,New Zealand,parliament,2017-09-23,6.3,8.0,120,Greens,Green Party,Green Party,1.7729,11,1018,829.0,1499.0,1171,2017-09-23,James Shaw,Green Party of Aotearoa New Zealand,james_shaw,0
152,296,POL,Poland,parliament,2015-10-25,37.58,235.0,460,PiS,Prawo i Sprawiedliwo??,Law and Justice,7.6997,74,996,766.0,1146.0,528,2015-10-25,Jarosław Kaczyński,Law and Justice,jarosaw_kaczynski,0
153,297,POL,Poland,parliament,2015-10-25,24.09,138.0,460,PO,Platforma Obywatelska,Civic Platform,6.2355,74,996,766.0,1146.0,512,2015-10-25,Grzegorz Schetyna,Civic Platform,grzegorz_schetyna,0
154,298,POL,Poland,parliament,2015-10-25,8.81,42.0,460,K,Kukiz'15,Kukiz'15,8.7,74,996,766.0,1146.0,2600,2015-10-25,Paweł Kukiz,Kukiz'15,pawe_kukiz,0
155,299,POL,Poland,parliament,2015-10-25,7.6,28.0,460,N,Nowoczesna,Modern,6.0,74,996,766.0,1146.0,2601,2015-10-25,Katarzyna Lubnauer,History of Poland in the modern era,katarzyna_lubnauer,1
156,300,POL,Poland,parliament,2015-10-25,5.13,16.0,460,PSL,Polskie Stronnictwo Ludowe,Polish People's Party,4.1856,74,996,766.0,1146.0,664,2015-10-25,Władysław Kosiniak-Kamysz,Polish People's Party,wadysaw_kosiniak_kamysz,0
157,302,POL,Poland,parliament,2015-10-25,7.55,0.0,460,SLD,Sojusz Lewicy Demokratycznej,Democratic Left Alliance,2.8299,74,996,766.0,1146.0,629,2015-10-25,Włodzimierz Czarzasty,Democratic Left Alliance,wodzimierz_czarzasty,0
158,305,PRT,Portugal,parliament,2015-10-04,39.84,107.0,230,PSD,Partido Social Democrata,Social Democratic Party,6.2949,63,993,702.0,917.0,1273,2015-10-04,Rui Rio,Social Democratic Party (Portugal),rui_rio,0
159,306,PRT,Portugal,parliament,2015-10-04,33.57,86.0,230,PS,Partido Socialista,Socialist Party,4.0492,63,993,702.0,917.0,725,2015-10-04,Carlos César,Socialist Party (Portugal),carlos_cesar,0
160,307,PRT,Portugal,parliament,2015-10-04,10.58,19.0,230,BE,Bloco de Esquerda,Bloc of the Left,1.6425,63,993,702.0,917.0,557,2015-10-04,Catarina Martins,Left Bloc,catarina_martins,1
161,308,PRT,Portugal,parliament,2015-10-04,8.56,17.0,230,CDU,Coligação Democrático Unitária,Unified Democratic Coalition,2.2233,63,993,702.0,917.0,1295,2015-10-04,Jerónimo de Sousa,List of communist parties,jeronimo_de_sousa,0
162,312,ROU,Romania,parliament,2016-12-11,45.48,154.0,329,PSD,Partidul Social Democrat,Social Democratic Party,3.2325,23,1015,787.0,1197.0,1120,2016-12-11,Liviu Dragnea,Social Democratic Party (Romania),liviu_dragnea,0
163,313,ROU,Romania,parliament,2016-12-11,20.04,69.0,329,PNL,Partidul Na?ional Liberal,National Liberal Party,6.0543,23,1015,787.0,1197.0,1015,2016-12-11,Ludovic Orban,National Liberal Party (Romania),ludovic_orban,0
164,314,ROU,Romania,parliament,2016-12-11,8.87,30.0,329,USR,Uniunea Salva?i România,Save Romania Union,,23,1015,787.0,1197.0,2646,2016-12-11,Dan Barna,Save Romania Union,dan_barna,0
165,315,ROU,Romania,parliament,2016-12-11,6.19,21.0,329,UDMR,Uniunea Democrat? Maghiar? din România,Democratic Union of Hungarians in Romania,6.016,23,1015,787.0,1197.0,948,2016-12-11,Hunor Kelemen,Democratic Alliance of Hungarians in Romania,hunor_kelemen,0
166,316,ROU,Romania,parliament,2016-12-11,5.62,20.0,329,ALDE,Alian?a Liberalilor ?i Democra?ilor,Alliance of Liberals and Democrats,6.0,23,1015,787.0,1197.0,2647,2016-12-11,Călin Popescu-Tăriceanu,Alliance of Liberals and Democrats (Romania),calin_popescu_tariceanu,0
167,317,ROU,Romania,parliament,2016-12-11,5.35,18.0,329,PMP,Partidul Mi?carea Popular?,People's Movement Party,6.2,23,1015,787.0,1197.0,2395,2016-12-11,Eugen Tomac,People's Movement Party,eugen_tomac,0
168,321,SVK,Slovakia,parliament,2016-03-06,28.28,49.0,150,Smer,Smer  sociálna demokracia,Direction -- Social Democracy,3.3799,1,1003,781.0,1027.0,220,2016-03-06,Robert Fico,Direction – Social Democracy,robert_fico,0
169,322,SVK,Slovakia,parliament,2016-03-06,12.1,21.0,150,SaS,Sloboda a solidarita,Freedom and Solidarity,6.0,1,1003,781.0,1027.0,1460,2016-03-06,Richard Sulík,Freedom and Solidarity,richard_sulik,0
170,323,SVK,Slovakia,parliament,2016-03-06,11.03,19.0,150,OLaNO,Oby?ajní ?udia a nezávislé osobnosti,Ordinary People and Independent,7.4,1,1003,781.0,1027.0,1759,2016-03-06,Igor Matovič,Ordinary People (Slovakia),igor_matovic,0
171,324,SVK,Slovakia,parliament,2016-03-06,8.64,15.0,150,SNS,Slovenská národná strana,Slovak National Party,7.0198,1,1003,781.0,1027.0,1072,2016-03-06,Andrej Danko,Slovak National Party,andrej_danko,0
172,325,SVK,Slovakia,parliament,2016-03-06,8.04,14.0,150,LsNS,?udová strana Nae Slovensko,People's Party Our Slovakia,8.7,1,1003,781.0,1027.0,586,2016-03-06,Marian Kotleba,Kotleba – People's Party Our Slovakia,marian_kotleba,0
173,326,SVK,Slovakia,parliament,2016-03-06,6.63,11.0,150,SR,Sme Rodina  Boris Kollár,We are family -- Boris Kollar,8.7,1,1003,781.0,1027.0,2623,2016-03-06,Boris Kollár,We Are Family (Slovakia),boris_kollar,0
174,327,SVK,Slovakia,parliament,2016-03-06,6.5,11.0,150,MH,Most-Híd,Most-Hid,7.4,1,1003,781.0,1027.0,1620,2016-03-06,Béla Bugár,Most–Híd,bela_bugar,0
175,328,SVK,Slovakia,parliament,2016-03-06,5.61,10.0,150,S,Sie?,Network,7.4,1,1003,781.0,1027.0,2624,2016-03-06,Ivan Zuzula,Network (Slovak party),ivan_zuzula,0
176,331,SVN,Slovenia,parliament,2014-07-13,34.49,36.0,90,SMC,Stranka Mira Cerarja,Party of Miro Cerar,3.3,60,817,778.0,1047.0,2333,2014-07-13,Borut Pahor,Miro Cerar,borut_pahor,0
177,332,SVN,Slovenia,parliament,2014-07-13,20.71,21.0,90,SDS,Slovenska demokratska stranka,Slovenian Democratic Party,6.9996,60,817,778.0,1047.0,179,2014-07-13,Janez Janša,Slovenian Democratic Party,janez_jansa,0
178,333,SVN,Slovenia,parliament,2014-07-13,10.18,10.0,90,DeSUS,Demokrati?na stranka upokojencev Slovenije,Democratic Party of Pensioners of Slovenia,3.2292,60,817,778.0,1047.0,1587,2014-07-13,Karl Erjavec,Democratic Party of Pensioners of Slovenia,karl_erjavec,0
179,334,SVN,Slovenia,parliament,2014-07-13,5.98,6.0,90,ZL-SD,Zdruena lista  Socialni demokrati,United List -- Social Democrats,3.0637,60,817,778.0,1047.0,706,2014-07-13,Dejan Židan,Social Democrats (Slovenia),dejan_zidan,0
180,335,SVN,Slovenia,parliament,2014-07-13,5.97,6.0,90,ZdLe,Zdruena levica,United Left,1.2,60,817,778.0,1047.0,2334,2014-07-13,Luka Mesec,United Left (Slovenia),luka_mesec,0
181,336,SVN,Slovenia,parliament,2014-07-13,5.59,5.0,90,NSI,Nova Slovenija  Kr?anska ljudska stranka,New Slovenia -- Christian People's Party,7.9345,60,817,778.0,1047.0,1047,2014-07-13,Matej Tonin,New Slovenia,matej_tonin,0
182,344,SWE,Sweden,parliament,2014-09-14,31.01,113.0,349,SAP,Socialdemokraterna,Social Democrats,3.4447,35,828,512.0,854.0,904,2014-09-14,Stefan Löfven,Swedish Social Democratic Party,stefan_lofven,0
183,345,SWE,Sweden,parliament,2014-09-14,23.33,84.0,349,M,Moderaterna,Moderate Party,7.8907,35,828,512.0,854.0,657,2014-09-14,Ulf Kristersson,Moderate Party,ulf_kristersson,0
184,346,SWE,Sweden,parliament,2014-09-14,12.86,49.0,349,SD,Sverigedemokraterna,Sweden Democrats,8.7,35,828,512.0,854.0,1546,2014-09-14,Jimmie Åkesson,Sweden Democrats,jimmie_akesson,0
185,347,SWE,Sweden,parliament,2014-09-14,6.89,25.0,349,MP,Miljöpartiet de Gröna,Greens,3.3789,35,828,512.0,854.0,1154,2014-09-14,Gustav Fridolin,Green Party (Sweden),gustav_fridolin,0
186,348,SWE,Sweden,parliament,2014-09-14,6.11,22.0,349,C,Centerpartiet,Centre Party,5.8084,35,828,512.0,854.0,1461,2014-09-14,Anders W Jonsson,Centre Party (Sweden),anders_w_jonsson,0
187,349,SWE,Sweden,parliament,2014-09-14,5.72,21.0,349,V,Vänsterpartiet (kommunisterna),Left Party (Communists),1.5464,35,828,512.0,854.0,882,2014-09-14,Jonas Sjöstedt,Left Party (Sweden),jonas_sjostedt,0
188,350,SWE,Sweden,parliament,2014-09-14,5.42,19.0,349,FP,Folkpartiet,People's Party,6.2906,35,828,512.0,854.0,892,2014-09-14,Jan Björklund,Liberals (Sweden),jan_bjorklund,0
189,353,TUR,Turkey,parliament,2015-11-01,49.5,317.0,550,AKP,Adalet ve Kalk?nma Partisi,Justice and Development Party,6.9873,20,997,975.0,1173.0,901,2015-11-01,Recep Tayyip Erdoğan,Justice and Development Party (Turkey),recep_tayyip_erdogan,0
190,354,TUR,Turkey,parliament,2015-11-01,25.32,134.0,550,SHP|CHP,Sosyal Demokrat Halçi Parti | Cumhuriyet Halk Partisi,Social Democratic Populist Party | Republican People's Party,3.2661,20,997,975.0,1173.0,507,2015-11-01,Kemal Kılıçdaroğlu,Republican People's Party (Turkey),kemal_klcdaroglu,0
191,355,TUR,Turkey,parliament,2015-11-01,10.76,59.0,550,HDP,Halklar?n Demokratik Partisi,Peoples' Democratic Party,1.2,20,997,975.0,1173.0,2572,2015-11-01,Pervin Buldan,Peoples' Democratic Party (Turkey),pervin_buldan,1
192,356,TUR,Turkey,parliament,2015-11-01,11.9,40.0,550,MHP,Milliyetçi Hareket Partisi,National Action Party,8.6587,20,997,975.0,1173.0,408,2015-11-01,Devlet Bahçeli,Nationalist Movement Party,devlet_bahceli,0
